GROUP,PACKAGE,CLASS,INSTRUCTION_MISSED,INSTRUCTION_COVERED,BRANCH_MISSED,BRANCH_COVERED,LINE_MISSED,LINE_COVERED,COMPLEXITY_MISSED,COMPLEXITY_COVERED,METHOD_MISSED,METHOD_COVERED
sitemesh,com.opensymphony.module.sitemesh.mapper,FrameSetDecoratorMapper,35,0,4,0,8,0,5,0,3,0
sitemesh,com.opensymphony.module.sitemesh.mapper,ParameterDecoratorMapper,75,0,10,0,13,0,8,0,3,0
sitemesh,com.opensymphony.module.sitemesh.mapper,NullDecoratorMapper,8,0,0,0,4,0,4,0,4,0
sitemesh,com.opensymphony.module.sitemesh.mapper,EnvEntryDecoratorMapper,65,0,6,0,20,0,7,0,4,0
sitemesh,com.opensymphony.module.sitemesh.mapper,InlineDecoratorMapper,42,0,6,0,8,0,5,0,2,0
sitemesh,com.opensymphony.module.sitemesh.mapper,ConfigLoader,181,393,24,38,38,79,22,20,1,10
sitemesh,com.opensymphony.module.sitemesh.mapper,PageDecoratorMapper,88,0,12,0,20,0,10,0,4,0
sitemesh,com.opensymphony.module.sitemesh.mapper,SessionDecoratorMapper,43,0,4,0,10,0,5,0,3,0
sitemesh,com.opensymphony.module.sitemesh.mapper,OSDecoratorMapper,80,0,8,0,16,0,7,0,3,0
sitemesh,com.opensymphony.module.sitemesh.mapper,PathMapper,82,390,43,79,18,92,31,38,0,8
sitemesh,com.opensymphony.module.sitemesh.mapper,LanguageDecoratorMapper,165,0,14,0,30,0,13,0,6,0
sitemesh,com.opensymphony.module.sitemesh.mapper,LanguageDecoratorMapper.new DefaultDecorator() {...},17,0,0,0,2,0,2,0,2,0
sitemesh,com.opensymphony.module.sitemesh.mapper,FileDecoratorMapper,89,0,16,0,18,0,10,0,2,0
sitemesh,com.opensymphony.module.sitemesh.mapper,PrintableDecoratorMapper,54,0,6,0,10,0,6,0,3,0
sitemesh,com.opensymphony.module.sitemesh.mapper,AgentDecoratorMapper,169,0,14,0,32,0,13,0,6,0
sitemesh,com.opensymphony.module.sitemesh.mapper,RobotDecoratorMapper,1224,0,48,0,41,0,29,0,5,0
sitemesh,com.opensymphony.module.sitemesh.mapper,CookieDecoratorMapper,67,0,10,0,13,0,8,0,3,0
sitemesh,com.opensymphony.module.sitemesh.mapper,ConfigLoader.State,0,19,0,0,0,5,0,1,0,1
sitemesh,com.opensymphony.module.sitemesh.mapper,DefaultDecorator,44,30,6,0,10,11,7,5,4,5
sitemesh,com.opensymphony.module.sitemesh.mapper,AgentDecoratorMapper.new DefaultDecorator() {...},17,0,0,0,2,0,2,0,2,0
sitemesh,com.opensymphony.module.sitemesh.mapper,AbstractDecoratorMapper,22,0,0,0,6,0,4,0,4,0
sitemesh,com.opensymphony.module.sitemesh.mapper,ConfigDecoratorMapper,123,0,14,0,33,0,12,0,5,0
sitemesh,com.opensymphony.sitemesh.webapp.decorator,DispatchedDecorator,42,0,0,0,13,0,3,0,3,0
sitemesh,com.opensymphony.sitemesh.webapp.decorator,NoDecorator,31,0,2,0,11,0,3,0,2,0
sitemesh,com.opensymphony.sitemesh.webapp.decorator,ExternalDispatchedDecorator,29,0,2,0,7,0,3,0,2,0
sitemesh,com.opensymphony.sitemesh.webapp.decorator,BaseWebAppDecorator,25,0,0,0,7,0,2,0,2,0
sitemesh,com.opensymphony.module.sitemesh.html.util,CharArray,90,273,20,20,19,56,17,22,3,16
sitemesh,com.opensymphony.module.sitemesh.html.util,StringSitemeshBuffer,8,32,0,0,3,8,3,5,3,5
sitemesh,com.opensymphony.module.sitemesh.parser,AbstractHTMLPage,23,11,6,2,3,5,5,2,1,2
sitemesh,com.opensymphony.module.sitemesh.parser,PartialPageParser.ContentTagSimpleMap,0,14,1,1,0,5,1,3,0,3
sitemesh,com.opensymphony.module.sitemesh.parser,PartialPageParser.MetaTagSimpleMap,0,25,1,3,0,8,1,5,0,4
sitemesh,com.opensymphony.module.sitemesh.parser,AbstractPage,95,79,8,2,24,19,12,9,7,9
sitemesh,com.opensymphony.module.sitemesh.parser,SuperFastSimplePageParser,3,0,0,0,1,0,1,0,1,0
sitemesh,com.opensymphony.module.sitemesh.parser,FastPage,6,87,2,8,2,23,4,7,2,4
sitemesh,com.opensymphony.module.sitemesh.parser,PartialPageParser,86,585,42,78,24,114,35,33,1,7
sitemesh,com.opensymphony.module.sitemesh.parser,PageRequest,46,0,0,0,14,0,7,0,7,0
sitemesh,com.opensymphony.module.sitemesh.parser,TokenizedHTMLPage,18,36,2,2,3,14,3,6,1,6
sitemesh,com.opensymphony.module.sitemesh.parser,HTMLPageParser,0,117,0,0,0,24,0,4,0,4
sitemesh,com.opensymphony.module.sitemesh.parser,PartialPageParserHtmlPage,30,76,2,8,10,19,4,8,3,4
sitemesh,com.opensymphony.module.sitemesh.parser,PartialPageParser.HashSimpleMap,0,18,0,0,0,5,0,3,0,3
sitemesh,com.opensymphony.module.sitemesh.parser,FastPageParser.Tag,0,26,0,2,0,7,0,3,0,2
sitemesh,com.opensymphony.module.sitemesh.parser,FastPageParser,678,753,238,148,193,207,160,52,1,6
sitemesh,com.opensymphony.module.sitemesh.parser,PartialPageParserPage,7,15,1,1,1,6,1,2,0,2
sitemesh,com.opensymphony.sitemesh.compatability,DecoratorMapper2DecoratorSelector,36,0,4,0,9,0,4,0,2,0
sitemesh,com.opensymphony.sitemesh.compatability,HTMLPage2Content,40,0,0,0,14,0,8,0,8,0
sitemesh,com.opensymphony.sitemesh.compatability,PageParser2ContentProcessor,87,0,8,0,15,0,9,0,5,0
sitemesh,com.opensymphony.sitemesh.compatability,OldDecorator2NewDecorator,44,0,4,0,10,0,4,0,2,0
sitemesh,com.opensymphony.sitemesh.compatability,Content2HTMLPage,236,0,18,0,55,0,30,0,21,0
sitemesh,com.opensymphony.module.sitemesh.taglib.decorator,UsePageTEI,23,0,0,0,4,0,3,0,3,0
sitemesh,com.opensymphony.module.sitemesh.taglib.decorator,TitleTag,35,0,6,0,13,0,6,0,3,0
sitemesh,com.opensymphony.module.sitemesh.taglib.decorator,DivTag,56,0,2,0,11,0,5,0,4,0
sitemesh,com.opensymphony.module.sitemesh.taglib.decorator,BodyTag,14,0,0,0,6,0,2,0,2,0
sitemesh,com.opensymphony.module.sitemesh.taglib.decorator,PropertyTag,94,0,14,0,31,0,13,0,6,0
sitemesh,com.opensymphony.module.sitemesh.taglib.decorator,UseHTMLPageTEI,5,0,0,0,2,0,2,0,2,0
sitemesh,com.opensymphony.module.sitemesh.taglib.decorator,UsePageTag,20,0,0,0,6,0,3,0,3,0
sitemesh,com.opensymphony.module.sitemesh.taglib.decorator,HeadTag,29,0,0,0,7,0,2,0,2,0
sitemesh,com.opensymphony.module.sitemesh.velocity,VelocityDecoratorServlet,110,0,2,0,24,0,4,0,3,0
sitemesh,com.opensymphony.module.sitemesh.multipass,DivExtractingPageParser.TopLevelDivExtractingRule,0,152,1,13,0,24,1,8,0,2
sitemesh,com.opensymphony.module.sitemesh.multipass,ExtractPropertyTag,21,0,0,0,4,0,2,0,2,0
sitemesh,com.opensymphony.module.sitemesh.multipass,MultipassReplacementPageParser,43,0,0,0,11,0,3,0,3,0
sitemesh,com.opensymphony.module.sitemesh.multipass,MultipassReplacementPageParser.new BasicRule() {...},45,0,2,0,6,0,3,0,2,0
sitemesh,com.opensymphony.module.sitemesh.multipass,MultipassFilter,26,0,0,0,6,0,2,0,2,0
sitemesh,com.opensymphony.module.sitemesh.multipass,DivExtractingPageParser,0,14,0,0,0,4,0,2,0,2
sitemesh,com.opensymphony.module.sitemesh.multipass,MultipassFilter.new PageParserSelector() {...},22,0,0,0,3,0,3,0,3,0
sitemesh,com.opensymphony.sitemesh.webapp,SiteMeshFilter,177,0,14,0,50,0,15,0,8,0
sitemesh,com.opensymphony.sitemesh.webapp,ContainerTweaks,24,0,4,0,5,0,6,0,4,0
sitemesh,com.opensymphony.sitemesh.webapp,ContentBufferingResponse,42,0,2,0,10,0,4,0,3,0
sitemesh,com.opensymphony.sitemesh.webapp,SiteMeshWebAppContext,48,0,4,0,14,0,10,0,8,0
sitemesh,com.opensymphony.sitemesh.webapp,ContentBufferingResponse.new PageResponseWrapper() {...},16,0,0,0,4,0,2,0,2,0
sitemesh,com.opensymphony.sitemesh.webapp,ContentBufferingResponse.new PageParserSelector() {...},13,0,0,0,3,0,3,0,3,0
sitemesh,com.opensymphony.module.sitemesh.html.rules,TagReplaceRule,0,31,0,0,0,8,0,2,0,2
sitemesh,com.opensymphony.module.sitemesh.html.rules,TitleExtractingRule,0,21,0,2,0,7,0,3,0,2
sitemesh,com.opensymphony.module.sitemesh.html.rules,MetaTagRule,0,55,1,3,0,9,1,3,0,2
sitemesh,com.opensymphony.module.sitemesh.html.rules,RegexReplacementTextFilter,9,20,0,0,4,6,1,2,1,2
sitemesh,com.opensymphony.module.sitemesh.html.rules,BodyTagRule,0,73,0,6,0,12,0,5,0,2
sitemesh,com.opensymphony.module.sitemesh.html.rules,ContentBlockExtractingRule,0,30,0,0,0,7,0,3,0,3
sitemesh,com.opensymphony.module.sitemesh.html.rules,ParameterExtractingRule,0,35,0,0,0,6,0,2,0,2
sitemesh,com.opensymphony.module.sitemesh.html.rules,FramesetRule,15,16,0,0,3,3,1,1,1,1
sitemesh,com.opensymphony.module.sitemesh.html.rules,HeadExtractingRule,0,11,0,0,0,4,0,2,0,2
sitemesh,com.opensymphony.module.sitemesh.html.rules,MSOfficeDocumentPropertiesRule,0,61,1,9,0,12,1,9,0,5
sitemesh,com.opensymphony.module.sitemesh.html.rules,HtmlAttributesRule,0,47,0,4,0,9,0,4,0,2
sitemesh,com.opensymphony.module.sitemesh.util,CharArrayWriter,170,47,18,2,33,13,17,5,7,5
sitemesh,com.opensymphony.module.sitemesh.util,FastByteArrayOutputStream,222,0,24,0,52,0,24,0,12,0
sitemesh,com.opensymphony.module.sitemesh.util,CharArrayReader,83,115,17,17,21,23,20,7,6,4
sitemesh,com.opensymphony.module.sitemesh.util,OutputConverter.ResinWriter,33,0,0,0,12,0,4,0,4,0
sitemesh,com.opensymphony.module.sitemesh.util,ClassLoaderUtil,83,0,14,0,22,0,11,0,4,0
sitemesh,com.opensymphony.module.sitemesh.util,OutputConverter,57,0,6,0,15,0,7,0,4,0
sitemesh,com.opensymphony.module.sitemesh.util,Container,104,0,8,0,28,0,8,0,4,0
sitemesh,com.opensymphony.module.sitemesh.tapestry,Property,19,0,2,0,6,0,3,0,2,0
sitemesh,com.opensymphony.module.sitemesh.tapestry,Util,25,0,0,0,4,0,4,0,4,0
sitemesh,com.opensymphony.module.sitemesh.tapestry,Title,15,0,2,0,3,0,3,0,2,0
sitemesh,com.opensymphony.module.sitemesh.tapestry,SiteMeshBase,8,0,0,0,2,0,2,0,2,0
sitemesh,com.opensymphony.module.sitemesh.factory,FactoryException,93,0,6,0,32,0,11,0,8,0
sitemesh,com.opensymphony.module.sitemesh.factory,DefaultFactory,659,3,100,0,150,1,59,1,9,1
sitemesh,com.opensymphony.module.sitemesh.factory,BaseFactory,168,0,4,0,40,0,14,0,12,0
sitemesh,com.opensymphony.module.sitemesh.taglib.page,ApplyDecoratorTag.ApplyDecoratorException,7,0,0,0,3,0,1,0,1,0
sitemesh,com.opensymphony.module.sitemesh.taglib.page,ApplyDecoratorTag,505,0,42,0,113,0,34,0,13,0
sitemesh,com.opensymphony.module.sitemesh.taglib.page,ParamTag,26,0,2,0,8,0,4,0,3,0
sitemesh,com.opensymphony.module.sitemesh.freemarker,FreemarkerDecoratorServlet,73,0,2,0,21,0,3,0,2,0
sitemesh,com.opensymphony.module.sitemesh.taglib,AbstractTag,62,0,4,0,19,0,11,0,9,0
sitemesh,com.opensymphony.module.sitemesh.filter,TextEncoder,101,0,10,0,26,0,10,0,5,0
sitemesh,com.opensymphony.module.sitemesh.filter,PageFilter,3,0,0,0,1,0,1,0,1,0
sitemesh,com.opensymphony.module.sitemesh.filter,RoutablePrintWriter,197,0,6,0,74,0,35,0,32,0
sitemesh,com.opensymphony.module.sitemesh.filter,RoutableServletOutputStream,126,0,2,0,51,0,26,0,25,0
sitemesh,com.opensymphony.module.sitemesh.filter,DebugResponseWrapper,359,0,46,0,108,0,53,0,30,0
sitemesh,com.opensymphony.module.sitemesh.filter,PageRequestWrapper,21,0,2,0,6,0,4,0,3,0
sitemesh,com.opensymphony.module.sitemesh.filter,RequestDispatcherWrapper,36,0,4,0,12,0,5,0,3,0
sitemesh,com.opensymphony.module.sitemesh.filter,HttpContentType,133,0,46,0,22,0,27,0,4,0
sitemesh,com.opensymphony.module.sitemesh.filter,Buffer.new ServletOutputStream() {...},15,0,0,0,5,0,4,0,4,0
sitemesh,com.opensymphony.module.sitemesh.filter,PageResponseWrapper,242,0,36,0,63,0,37,0,19,0
sitemesh,com.opensymphony.module.sitemesh.filter,SitemeshPrintWriter,16,0,0,0,5,0,3,0,3,0
sitemesh,com.opensymphony.module.sitemesh.filter,RoutablePrintWriter.NullWriter,15,0,0,0,5,0,4,0,4,0
sitemesh,com.opensymphony.module.sitemesh.filter,Buffer,106,0,14,0,24,0,14,0,7,0
sitemesh,com.opensymphony.module.sitemesh,SitemeshBufferWriter,9,28,0,0,2,6,1,3,1,3
sitemesh,com.opensymphony.module.sitemesh,DefaultSitemeshBuffer,15,152,4,14,4,37,5,15,2,9
sitemesh,com.opensymphony.module.sitemesh,SitemeshBufferFragment,84,132,5,7,12,31,8,8,4,6
sitemesh,com.opensymphony.module.sitemesh,Config,50,0,6,0,14,0,7,0,4,0
sitemesh,com.opensymphony.module.sitemesh,SitemeshBufferFragment.Builder,33,115,2,2,8,30,3,12,1,12
sitemesh,com.opensymphony.module.sitemesh,Factory,113,0,8,0,23,0,7,0,3,0
sitemesh,com.opensymphony.module.sitemesh,DefaultSitemeshBuffer.Builder,18,53,0,0,7,13,3,4,3,4
sitemesh,com.opensymphony.module.sitemesh.html.tokenizer,Parser,84,554,16,74,21,145,16,45,0,12
sitemesh,com.opensymphony.module.sitemesh.html.tokenizer,TagTokenizer,0,32,0,0,0,11,0,4,0,4
sitemesh,com.opensymphony.module.sitemesh.html.tokenizer,Parser.ReusableToken,34,136,8,14,5,26,7,17,1,12
sitemesh,com.opensymphony.module.sitemesh.html.tokenizer,Lexer,227,720,31,62,62,186,34,59,9,27
sitemesh,com.opensymphony.module.sitemesh.html,State,20,165,4,22,4,39,4,17,0,8
sitemesh,com.opensymphony.module.sitemesh.html,StateTransitionRule,0,48,2,4,0,13,2,4,0,3
sitemesh,com.opensymphony.module.sitemesh.html,HTMLProcessor,0,61,0,0,0,17,0,5,0,5
sitemesh,com.opensymphony.module.sitemesh.html,CustomTag,248,399,37,33,39,83,33,28,10,16
sitemesh,com.opensymphony.module.sitemesh.html,BlockExtractingRule,0,105,1,11,0,26,1,11,0,6
sitemesh,com.opensymphony.module.sitemesh.html,BasicRule,14,70,2,6,1,18,2,9,0,7
sitemesh,com.opensymphony.module.sitemesh.html,HTMLProcessor.new HTMLProcessorContext() {...},19,71,1,1,3,13,1,7,0,7
sitemesh,com.opensymphony.module.sitemesh.html,HTMLProcessor.new TokenHandler() {...},1,40,0,0,1,8,1,4,1,4
